value_1,value_2,image,image/_alt
"HORSE INDUSTRY DAY","02/22/2016","http://govpics.maryland.gov/pages/ImageHandler.ashx?EventID=4471&ImageID=565760&Thumbs=True",""
"VISIT TO TRACY'S KIDS PROGRAM","02/19/2016","http://govpics.maryland.gov/pages/ImageHandler.ashx?EventID=4467&ImageID=565659&Thumbs=True",""
"PHOTO OP GREEN BAG","02/19/2016","http://govpics.maryland.gov/pages/ImageHandler.ashx?EventID=4465&ImageID=565627&Thumbs=True",""
"HIDTA CONFERENCE","02/18/2016","http://govpics.maryland.gov/pages/ImageHandler.ashx?EventID=4466&ImageID=565646&Thumbs=True",""
"AKA AT MILLER SENATE BUILDING","02/18/2016","http://govpics.maryland.gov/pages/ImageHandler.ashx?EventID=4470&ImageID=565702&Thumbs=True",""
"MILKEN EDUCATOR AWARD","02/17/2016","http://govpics.maryland.gov/pages/ImageHandler.ashx?EventID=4463&ImageID=565550&Thumbs=True",""
"MARYLAND ART DAY","02/17/2016","http://govpics.maryland.gov/pages/ImageHandler.ashx?EventID=4469&ImageID=565689&Thumbs=True",""
"LEGISLATIVE RECEPTION AT GOVERNMENT HOUSE","02/17/2016","http://govpics.maryland.gov/pages/ImageHandler.ashx?EventID=4464&ImageID=565599&Thumbs=True",""
"BSO WITH LG","02/17/2016","http://govpics.maryland.gov/pages/ImageHandler.ashx?EventID=4468&ImageID=565675&Thumbs=True",""
"NFIB","02/16/2016","http://govpics.maryland.gov/pages/ImageHandler.ashx?EventID=4461&ImageID=565339&Thumbs=True",""
"MARYLAND RAILROADERS FOOTBALL TEAM","02/16/2016","http://govpics.maryland.gov/pages/ImageHandler.ashx?EventID=4462&ImageID=565506&Thumbs=True",""
"LAUREL PARK FAY FOUNDRAISER LG","02/13/2016","http://govpics.maryland.gov/pages/ImageHandler.ashx?EventID=4460&ImageID=565230&Thumbs=True",""